Ticker,Date,Close
MSFT,2025-09-22,510.25
MSFT,2025-09-23,505.07
MSFT,2025-09-24,505.99
MSFT,2025-09-25,502.89
MSFT,2025-09-26,507.29
MSFT,2025-09-29,510.4
MSFT,2025-09-30,513.72
MSFT,2025-10-01,515.47
MSFT,2025-10-02,511.53
MSFT,2025-10-03,513.13
MSFT,2025-10-06,524.26
MSFT,2025-10-07,519.7
MSFT,2025-10-08,520.57
MSFT,2025-10-09,518.14
MSFT,2025-10-10,506.79
MSFT,2025-10-13,509.86
MSFT,2025-10-14,509.38
MSFT,2025-10-15,509.24
MSFT,2025-10-16,507.43
MSFT,2025-10-17,509.39
MSFT,2025-10-20,512.57
MSFT,2025-10-21,513.44
MSFT,2025-10-22,516.29
MSFT,2025-10-23,516.31
MSFT,2025-10-24,519.34
MSFT,2025-10-27,527.18
MSFT,2025-10-28,537.65
MSFT,2025-10-29,537.13
MSFT,2025-10-30,521.47
MSFT,2025-10-31,513.58
MSFT,2025-11-03,512.81
MSFT,2025-11-04,510.13
MSFT,2025-11-05,503.02
MSFT,2025-11-06,493.04
MSFT,2025-11-07,492.77
MSFT,2025-11-10,501.87
MSFT,2025-11-11,504.53
MSFT,2025-11-12,506.97
MSFT,2025-11-13,499.18
MSFT,2025-11-14,506.02
MSFT,2025-11-17,503.35
MSFT,2025-11-18,489.76
MSFT,2025-11-19,483.14
MSFT,2025-11-20,475.41
MSFT,2025-11-21,469.14
MSFT,2025-11-24,471.01
MSFT,2025-11-25,473.98
MSFT,2025-11-26,482.44
MSFT,2025-11-28,488.91
MSFT,2025-12-01,483.67
MSFT,2025-12-02,486.91
MSFT,2025-12-03,474.72
MSFT,2025-12-04,477.81
MSFT,2025-12-05,480.11
MSFT,2025-12-08,487.92
MSFT,2025-12-09,488.92
MSFT,2025-12-10,475.54
MSFT,2025-12-11,480.42
MSFT,2025-12-12,475.51
MSFT,2025-12-15,471.83
MSFT,2025-12-16,473.39
MSFT,2025-12-17,473.12
MSFT,2025-12-18,480.93
MSFT,2025-12-19,482.86
MSFT,2025-12-22,481.86
MSFT,2025-12-23,483.78
MSFT,2025-12-24,484.94
MSFT,2025-12-26,484.64
MSFT,2025-12-29,484.03
MSFT,2025-12-30,484.41
MSFT,2025-12-31,480.57
MSFT,2026-01-02,469.96
MSFT,2026-01-05,469.87
MSFT,2026-01-06,475.49
MSFT,2026-01-07,480.42
MSFT,2026-01-08,475.1
MSFT,2026-01-09,476.26
MSFT,2026-01-12,474.17
MSFT,2026-01-13,467.7
MSFT,2026-01-14,456.48
MSFT,2026-01-15,453.78
MSFT,2026-01-16,456.96
MSFT,2026-01-20,451.65
MSFT,2026-01-21,441.31
MSFT,2026-01-22,448.3
MSFT,2026-01-23,463.01
MSFT,2026-01-26,467.32
MSFT,2026-01-27,477.55
MSFT,2026-01-28,478.59
MSFT,2026-01-29,430.77
MSFT,2026-01-30,427.58
MSFT,2026-02-02,420.7
MSFT,2026-02-03,408.62
MSFT,2026-02-04,411.58
MSFT,2026-02-05,391.19
MSFT,2026-02-06,398.61
MSFT,2026-02-09,410.99
MSFT,2026-02-10,410.66
MSFT,2026-02-11,401.82
MSFT,2026-02-12,399.31
MSFT,2026-02-13,398.79
MSFT,2026-02-17,394.36
MSFT,2026-02-18,397.08
MSFT,2026-02-19,396.85
MSFT,2026-02-20,395.63
MSFT,2026-02-23,382.92
MSFT,2026-02-24,387.43
MSFT,2026-02-25,398.98
MSFT,2026-02-26,400.1
MSFT,2026-02-27,391.15
MSFT,2026-03-02,396.94
MSFT,2026-03-03,402.3
MSFT,2026-03-04,403.56
MSFT,2026-03-05,409.02
MSFT,2026-03-06,407.31
MSFT,2026-03-09,407.76
MSFT,2026-03-10,404.12
MSFT,2026-03-11,403.25
MSFT,2026-03-12,400.24
MSFT,2026-03-13,393.95
MSFT,2026-03-16,398.34
MSFT,2026-03-17,397.8
MSFT,2026-03-18,390.21
MSFT,2026-03-19,387.45
MSFT,2026-03-20,380.33
MSFT,2026-03-23,381.45
MSFT,2026-03-24,371.24
MSFT,2026-03-25,369.54
MSFT,2026-03-26,364.49
MSFT,2026-03-27,355.33
MSFT,2026-03-30,357.51
MSFT,2026-03-31,368.68
MSFT,2026-04-01,367.88
MSFT,2026-04-02,371.95
MSFT,2026-04-06,371.38
MSFT,2026-04-07,370.79
MSFT,2026-04-08,372.82
MSFT,2026-04-09,371.56
MSFT,2026-04-10,369.37
MSFT,2026-04-13,382.82
MSFT,2026-04-14,391.52
MSFT,2026-04-15,409.56
MSFT,2026-04-16,418.56
MSFT,2026-04-17,421.08
MSFT,2026-04-20,416.38
MSFT,2026-04-21,422.45
MSFT,2026-04-22,431.17
MSFT,2026-04-23,414.07
MSFT,2026-04-24,422.91
MSFT,2026-04-27,423.11
MSFT,2026-04-28,427.52
MSFT,2026-04-29,422.75
MSFT,2026-04-30,406.13
MSFT,2026-05-01,412.77
MSFT,2026-05-04,411.95
MSFT,2026-05-05,409.72
MSFT,2026-05-06,412.29
MSFT,2026-05-07,419.07
MSFT,2026-05-08,413.44
MSFT,2026-05-11,410.99
MSFT,2026-05-12,406.12
MSFT,2026-05-13,403.57
MSFT,2026-05-14,407.78
MSFT,2026-05-15,420.22
MSFT,2026-05-18,421.83
MSFT,2026-05-19,415.74
MSFT,2026-05-20,419.36
MSFT,2026-05-21,418.3
MSFT,2026-05-22,417.78
MSFT,2026-05-26,415.25
MSFT,2026-05-27,411.89
MSFT,2026-05-28,426.19
MSFT,2026-05-29,449.39
MSFT,2026-06-01,459.65
MSFT,2026-06-02,440.48
MSFT,2026-06-03,426.54
MSFT,2026-06-04,427.25
MSFT,2026-06-05,415.89
MSFT,2026-06-08,410.97
MSFT,2026-06-09,402.65
MSFT,2026-06-10,396.61
MSFT,2026-06-11,389.61
MSFT,2026-06-12,390.01
MSFT,2026-06-15,399.01
MSFT,2026-06-16,393.09
MSFT,2026-06-17,378.2
MSFT,2026-06-18,378.69
MSFT,2026-06-22,366.65
MSFT,2026-06-23,373.24
MSFT,2026-06-24,364.77
MSFT,2026-06-25,352.17
MSFT,2026-06-26,372.27
MSFT,2026-06-29,367.88
MSFT,2026-06-30,372.32
MSFT,2026-07-01,383.56
MSFT,2026-07-02,389.76
MSFT,2026-07-06,386.01
MSFT,2026-07-07,388.11
MSFT,2026-07-08,382.62
MSFT,2026-07-09,383.64
MSFT,2026-07-10,384.38
MSFT,2026-07-13,390.26
MSFT,2026-07-14,384.21
MSFT,2026-07-15,394.89
MSFT,2026-07-16,400.35
MSFT,2026-07-17,393.08
MSFT,2026-07-20,401.53
MSFT,2026-07-21,397.0
MSFT,2026-07-22,389.61
MSFT,2026-07-23,380.86
MSFT,2026-07-24,380.98
MSFT,2026-07-27,388.37
MSFT,2026-07-28,392.61
MSFT,2026-07-29,389.81
MSFT,2026-07-30,450.25
MSFT,2026-07-31,463.85
MSFT,2026-08-03,486.73
MSFT,2026-08-04,491.88
MSFT,2026-08-05,486.54
MSFT,2026-08-06,498.92
MSFT,2026-08-07,499.05
MSFT,2026-08-10,505.11
MSFT,2026-08-11,502.86
MSFT,2026-08-12,491.5
MSFT,2026-08-13,495.95
MSFT,2026-08-14,494.47
MSFT,2026-08-17,479.45
MSFT,2026-08-18,480.73
MSFT,2026-08-19,483.4
MSFT,2026-08-20,481.15
MSFT,2026-08-21,483.24
MSFT,2026-08-24,487.31
MSFT,2026-08-25,491.71
MSFT,2026-08-26,496.37
MSFT,2026-08-27,505.06
MSFT,2026-08-28,513.53
MSFT,2026-08-31,507.29
MSFT,2026-09-01,501.02
MSFT,2026-09-02,496.82
MSFT,2026-09-03,510.12
MSFT,2026-09-04,499.7
MSFT,2026-09-08,493.95
MSFT,2026-09-09,491.65
MSFT,2026-09-10,492.44
MSFT,2026-09-11,495.63
MSFT,2026-09-14,505.41
MSFT,2026-09-15,497.12
MSFT,2026-09-16,490.3
MSFT,2026-09-17,497.75
MSFT,2026-09-18,493.78
MSFT,2026-09-21,501.61
IBM,2025-09-22,264.49
IBM,2025-09-23,265.34
IBM,2025-09-24,260.75
IBM,2025-09-25,274.31
IBM,2025-09-26,277.11
IBM,2025-09-29,272.71
IBM,2025-09-30,275.01
IBM,2025-10-01,279.23
IBM,2025-10-02,279.46
IBM,2025-10-03,281.06
IBM,2025-10-06,282.09
IBM,2025-10-07,286.42
IBM,2025-10-08,282.13
IBM,2025-10-09,280.93
IBM,2025-10-10,270.78
IBM,2025-10-13,270.2
IBM,2025-10-14,269.15
IBM,2025-10-15,273.64
IBM,2025-10-16,268.98
IBM,2025-10-17,274.15
IBM,2025-10-20,276.46
IBM,2025-10-21,274.9
IBM,2025-10-22,280.23
IBM,2025-10-23,277.78
IBM,2025-10-24,299.67
IBM,2025-10-27,305.16
IBM,2025-10-28,304.65
IBM,2025-10-29,300.4
IBM,2025-10-30,302.2
IBM,2025-10-31,299.62
IBM,2025-11-03,297.01
IBM,2025-11-04,293.23
IBM,2025-11-05,299.0
IBM,2025-11-06,304.5
IBM,2025-11-07,298.62
IBM,2025-11-10,302.96
IBM,2025-11-11,307.46
IBM,2025-11-12,308.69
IBM,2025-11-13,298.77
IBM,2025-11-14,299.59
IBM,2025-11-17,291.24
IBM,2025-11-18,284.16
IBM,2025-11-19,282.77
IBM,2025-11-20,284.6
IBM,2025-11-21,291.5
IBM,2025-11-24,298.05
IBM,2025-11-25,298.4
IBM,2025-11-26,297.16
IBM,2025-11-28,302.42
IBM,2025-12-01,299.57
IBM,2025-12-02,295.76
IBM,2025-12-03,296.58
IBM,2025-12-04,301.84
IBM,2025-12-05,301.79
IBM,2025-12-08,303.01
IBM,2025-12-09,304.28
IBM,2025-12-10,306.43
IBM,2025-12-11,304.54
IBM,2025-12-12,303.07
IBM,2025-12-15,302.5
IBM,2025-12-16,297.13
IBM,2025-12-17,297.26
IBM,2025-12-18,294.45
IBM,2025-12-19,294.97
IBM,2025-12-22,296.75
IBM,2025-12-23,297.72
IBM,2025-12-24,298.48
IBM,2025-12-26,299.0
IBM,2025-12-29,299.64
IBM,2025-12-30,296.02
IBM,2025-12-31,290.3
IBM,2026-01-02,285.68
IBM,2026-01-05,289.08
IBM,2026-01-06,296.43
IBM,2026-01-07,290.81
IBM,2026-01-08,296.68
IBM,2026-01-09,298.15
IBM,2026-01-12,305.95
IBM,2026-01-13,297.11
IBM,2026-01-14,302.86
IBM,2026-01-15,292.0
IBM,2026-01-16,299.57
IBM,2026-01-20,285.53
IBM,2026-01-21,291.6
IBM,2026-01-22,288.79
IBM,2026-01-23,286.6
IBM,2026-01-26,290.41
IBM,2026-01-27,287.99
IBM,2026-01-28,288.29
IBM,2026-01-29,303.07
IBM,2026-01-30,300.58
IBM,2026-02-02,308.45
IBM,2026-02-03,288.43
IBM,2026-02-04,283.28
IBM,2026-02-05,284.1
IBM,2026-02-06,292.96
IBM,2026-02-09,290.42
IBM,2026-02-10,287.57
IBM,2026-02-11,268.89
IBM,2026-02-12,255.79
IBM,2026-02-13,258.61
IBM,2026-02-17,254.6
IBM,2026-02-18,257.04
IBM,2026-02-19,252.6
IBM,2026-02-20,253.46
IBM,2026-02-23,220.14
IBM,2026-02-24,226.02
IBM,2026-02-25,234.12
IBM,2026-02-26,238.53
IBM,2026-02-27,236.76
IBM,2026-03-02,235.93
IBM,2026-03-03,241.75
IBM,2026-03-04,246.46
IBM,2026-03-05,252.86
IBM,2026-03-06,255.13
IBM,2026-03-09,249.69
IBM,2026-03-10,246.6
IBM,2026-03-11,245.29
IBM,2026-03-12,244.12
IBM,2026-03-13,242.74
IBM,2026-03-16,245.67
IBM,2026-03-17,252.43
IBM,2026-03-18,247.98
IBM,2026-03-19,246.77
IBM,2026-03-20,238.29
IBM,2026-03-23,244.87
IBM,2026-03-24,237.13
IBM,2026-03-25,237.92
IBM,2026-03-26,238.2
IBM,2026-03-27,232.94
IBM,2026-03-30,233.84
IBM,2026-03-31,238.91
IBM,2026-04-01,239.64
IBM,2026-04-02,244.59
IBM,2026-04-06,243.19
IBM,2026-04-07,241.55
IBM,2026-04-08,238.26
IBM,2026-04-09,233.77
IBM,2026-04-10,227.44
IBM,2026-04-13,234.4
IBM,2026-04-14,236.82
IBM,2026-04-15,241.28
IBM,2026-04-16,247.39
IBM,2026-04-17,249.83
IBM,2026-04-20,250.06
IBM,2026-04-21,252.0
IBM,2026-04-22,248.24
IBM,2026-04-23,227.76
IBM,2026-04-24,228.64
IBM,2026-04-27,224.77
IBM,2026-04-28,229.69
IBM,2026-04-29,223.84
IBM,2026-04-30,227.66
IBM,2026-05-01,228.86
IBM,2026-05-04,226.18
IBM,2026-05-05,225.74
IBM,2026-05-06,222.49
IBM,2026-05-07,227.98
IBM,2026-05-08,228.12
IBM,2026-05-11,221.96
IBM,2026-05-12,217.66
IBM,2026-05-13,213.11
IBM,2026-05-14,216.81
IBM,2026-05-15,217.74
IBM,2026-05-18,221.16
IBM,2026-05-19,220.75
IBM,2026-05-20,223.4
IBM,2026-05-21,251.17
IBM,2026-05-22,252.03
IBM,2026-05-26,248.9
IBM,2026-05-27,253.38
IBM,2026-05-28,262.34
IBM,2026-05-29,295.68
IBM,2026-06-01,318.14
IBM,2026-06-02,326.89
IBM,2026-06-03,303.45
IBM,2026-06-04,299.62
IBM,2026-06-05,282.81
IBM,2026-06-08,278.82
IBM,2026-06-09,275.51
IBM,2026-06-10,270.42
IBM,2026-06-11,272.89
IBM,2026-06-12,270.3
IBM,2026-06-15,266.8
IBM,2026-06-16,268.88
IBM,2026-06-17,260.48
IBM,2026-06-18,247.33
IBM,2026-06-22,250.42
IBM,2026-06-23,263.05
IBM,2026-06-24,261.09
IBM,2026-06-25,256.43
IBM,2026-06-26,269.7
IBM,2026-06-29,276.02
IBM,2026-06-30,279.21
IBM,2026-07-01,284.21
IBM,2026-07-02,287.46
IBM,2026-07-06,297.39
IBM,2026-07-07,303.95
IBM,2026-07-08,299.9
IBM,2026-07-09,293.2
IBM,2026-07-10,285.51
IBM,2026-07-13,288.16
IBM,2026-07-14,215.52
IBM,2026-07-15,209.7
IBM,2026-07-16,217.49
IBM,2026-07-17,211.16
IBM,2026-07-20,211.48
IBM,2026-07-21,209.0
IBM,2026-07-22,204.3
IBM,2026-07-23,205.18
IBM,2026-07-24,212.66
IBM,2026-07-27,214.74
IBM,2026-07-28,225.93
IBM,2026-07-29,224.83
IBM,2026-07-30,220.16
IBM,2026-07-31,222.06
IBM,2026-08-03,224.7
IBM,2026-08-04,233.48
IBM,2026-08-05,234.24
IBM,2026-08-06,231.77
IBM,2026-08-07,235.59
IBM,2026-08-10,236.31
IBM,2026-08-11,238.42
IBM,2026-08-12,235.98
IBM,2026-08-13,237.14
IBM,2026-08-14,234.32
IBM,2026-08-17,228.85
IBM,2026-08-18,232.67
IBM,2026-08-19,237.16
IBM,2026-08-20,233.69
IBM,2026-08-21,235.68
IBM,2026-08-24,231.04
IBM,2026-08-25,234.19
IBM,2026-08-26,229.87
IBM,2026-08-27,238.79
IBM,2026-08-28,235.59
IBM,2026-08-31,233.87
IBM,2026-09-01,231.4
IBM,2026-09-02,231.7
IBM,2026-09-03,234.71
IBM,2026-09-04,234.89
IBM,2026-09-08,232.09
IBM,2026-09-09,239.94
IBM,2026-09-10,234.02
IBM,2026-09-11,243.29
IBM,2026-09-14,249.09
IBM,2026-09-15,248.37
IBM,2026-09-16,237.49
IBM,2026-09-17,237.75
IBM,2026-09-18,229.55
IBM,2026-09-21,231.95
WMT,2025-09-22,101.96
WMT,2025-09-23,101.66
WMT,2025-09-24,101.87
WMT,2025-09-25,102.19
WMT,2025-09-26,102.3
WMT,2025-09-29,102.22
WMT,2025-09-30,102.2
WMT,2025-10-01,101.11
WMT,2025-10-02,100.85
WMT,2025-10-03,101.22
WMT,2025-10-06,101.84
WMT,2025-10-07,102.38
WMT,2025-10-08,102.04
WMT,2025-10-09,100.92
WMT,2025-10-10,100.99
WMT,2025-10-13,101.27
WMT,2025-10-14,106.31
WMT,2025-10-15,108.12
WMT,2025-10-16,105.58
WMT,2025-10-17,106.83
WMT,2025-10-20,106.16
WMT,2025-10-21,105.33
WMT,2025-10-22,106.25
WMT,2025-10-23,105.97
WMT,2025-10-24,105.28
WMT,2025-10-27,103.6
WMT,2025-10-28,102.31
WMT,2025-10-29,101.6
WMT,2025-10-30,101.38
WMT,2025-10-31,100.34
WMT,2025-11-03,100.74
WMT,2025-11-04,101.42
WMT,2025-11-05,100.62
WMT,2025-11-06,100.83
WMT,2025-11-07,101.73
WMT,2025-11-10,101.56
WMT,2025-11-11,102.58
WMT,2025-11-12,102.58
WMT,2025-11-13,101.68
WMT,2025-11-14,101.62
WMT,2025-11-17,102.09
WMT,2025-11-18,100.54
WMT,2025-11-19,99.77
WMT,2025-11-20,106.22
WMT,2025-11-21,104.44
WMT,2025-11-24,103.19
WMT,2025-11-25,106.11
WMT,2025-11-26,108.19
WMT,2025-11-28,109.59
WMT,2025-12-01,110.6
WMT,2025-12-02,111.47
WMT,2025-12-03,113.45
WMT,2025-12-04,113.88
WMT,2025-12-05,114.15
WMT,2025-12-08,112.61
WMT,2025-12-09,114.1
WMT,2025-12-10,112.24
WMT,2025-12-11,114.56
WMT,2025-12-12,115.96
WMT,2025-12-15,116.05
WMT,2025-12-16,114.69
WMT,2025-12-17,114.93
WMT,2025-12-18,114.1
WMT,2025-12-19,113.64
WMT,2025-12-22,111.89
WMT,2025-12-23,110.2
WMT,2025-12-24,110.9
WMT,2025-12-26,111.03
WMT,2025-12-29,111.82
WMT,2025-12-30,111.21
WMT,2025-12-31,110.71
WMT,2026-01-02,112.05
WMT,2026-01-05,112.0
WMT,2026-01-06,113.62
WMT,2026-01-07,112.01
WMT,2026-01-08,112.35
WMT,2026-01-09,113.81
WMT,2026-01-12,117.22
WMT,2026-01-13,119.6
WMT,2026-01-14,119.28
WMT,2026-01-15,118.45
WMT,2026-01-16,118.94
WMT,2026-01-20,117.96
WMT,2026-01-21,118.6
WMT,2026-01-22,117.08
WMT,2026-01-23,116.99
WMT,2026-01-26,116.9
WMT,2026-01-27,116.2
WMT,2026-01-28,115.83
WMT,2026-01-29,116.67
WMT,2026-01-30,118.39
WMT,2026-02-02,123.27
WMT,2026-02-03,126.9
WMT,2026-02-04,127.19
WMT,2026-02-05,126.14
WMT,2026-02-06,130.35
WMT,2026-02-09,128.2
WMT,2026-02-10,125.9
WMT,2026-02-11,127.96
WMT,2026-02-12,132.79
WMT,2026-02-13,133.04
WMT,2026-02-17,128.03
WMT,2026-02-18,125.82
WMT,2026-02-19,124.08
WMT,2026-02-20,122.21
WMT,2026-02-23,125.01
WMT,2026-02-24,125.95
WMT,2026-02-25,124.95
WMT,2026-02-26,123.63
WMT,2026-02-27,127.14
WMT,2026-03-02,126.3
WMT,2026-03-03,127.1
WMT,2026-03-04,127.0
WMT,2026-03-05,122.53
WMT,2026-03-06,123.02
WMT,2026-03-09,123.55
WMT,2026-03-10,124.33
WMT,2026-03-11,122.71
WMT,2026-03-12,124.54
WMT,2026-03-13,125.72
WMT,2026-03-16,125.19
WMT,2026-03-17,124.29
WMT,2026-03-18,121.21
WMT,2026-03-19,120.32
WMT,2026-03-20,118.51
WMT,2026-03-23,120.2
WMT,2026-03-24,121.53
WMT,2026-03-25,122.53
WMT,2026-03-26,121.66
WMT,2026-03-27,122.36
WMT,2026-03-30,122.97
WMT,2026-03-31,123.75
WMT,2026-04-01,124.21
WMT,2026-04-02,125.25
WMT,2026-04-06,126.25
WMT,2026-04-07,121.96
WMT,2026-04-08,126.71
WMT,2026-04-09,128.58
WMT,2026-04-10,126.23
WMT,2026-04-13,124.04
WMT,2026-04-14,124.51
WMT,2026-04-15,124.22
WMT,2026-04-16,124.28
WMT,2026-04-17,126.95
WMT,2026-04-20,127.37
WMT,2026-04-21,129.04
WMT,2026-04-22,129.42
WMT,2026-04-23,131.46
WMT,2026-04-24,129.36
WMT,2026-04-27,127.04
WMT,2026-04-28,127.04
WMT,2026-04-29,127.46
WMT,2026-04-30,131.36
WMT,2026-05-01,131.04
WMT,2026-05-04,129.77
WMT,2026-05-05,130.23
WMT,2026-05-06,129.52
WMT,2026-05-07,129.64
WMT,2026-05-08,130.12
WMT,2026-05-11,127.29
WMT,2026-05-12,130.04
WMT,2026-05-13,131.16
WMT,2026-05-14,132.14
WMT,2026-05-15,131.14
WMT,2026-05-18,133.02
WMT,2026-05-19,133.88
WMT,2026-05-20,130.54
WMT,2026-05-21,121.05
WMT,2026-05-22,119.98
WMT,2026-05-26,118.29
WMT,2026-05-27,118.26
WMT,2026-05-28,118.62
WMT,2026-05-29,115.47
WMT,2026-06-01,114.33
WMT,2026-06-02,112.79
WMT,2026-06-03,116.61
WMT,2026-06-04,117.46
WMT,2026-06-05,118.6
WMT,2026-06-08,119.54
WMT,2026-06-09,118.6
WMT,2026-06-10,120.3
WMT,2026-06-11,120.21
WMT,2026-06-12,120.75
WMT,2026-06-15,120.53
WMT,2026-06-16,120.74
WMT,2026-06-17,117.85
WMT,2026-06-18,116.9
WMT,2026-06-22,116.9
WMT,2026-06-23,119.13
WMT,2026-06-24,118.72
WMT,2026-06-25,115.5
WMT,2026-06-26,115.41
WMT,2026-06-29,114.33
WMT,2026-06-30,112.99
WMT,2026-07-01,108.56
WMT,2026-07-02,111.57
WMT,2026-07-06,110.39
WMT,2026-07-07,111.27
WMT,2026-07-08,112.83
WMT,2026-07-09,111.94
WMT,2026-07-10,113.63
WMT,2026-07-13,114.51
WMT,2026-07-14,113.43
WMT,2026-07-15,112.26
WMT,2026-07-16,114.68
WMT,2026-07-17,113.97
WMT,2026-07-20,111.93
WMT,2026-07-21,110.13
WMT,2026-07-22,109.07
WMT,2026-07-23,108.14
WMT,2026-07-24,109.21
WMT,2026-07-27,111.47
WMT,2026-07-28,112.83
WMT,2026-07-29,113.95
WMT,2026-07-30,110.83
WMT,2026-07-31,110.93
WMT,2026-08-03,110.45
WMT,2026-08-04,111.28
WMT,2026-08-05,112.07
WMT,2026-08-06,111.8
WMT,2026-08-07,111.58
WMT,2026-08-10,112.39
WMT,2026-08-11,112.99
WMT,2026-08-12,115.73
WMT,2026-08-13,115.44
WMT,2026-08-14,114.99
WMT,2026-08-17,114.06
WMT,2026-08-18,114.92
WMT,2026-08-19,114.03
WMT,2026-08-20,103.59
WMT,2026-08-21,103.7
WMT,2026-08-24,106.49
WMT,2026-08-25,105.38
WMT,2026-08-26,104.34
WMT,2026-08-27,102.63
WMT,2026-08-28,103.09
WMT,2026-08-31,104.87
WMT,2026-09-01,105.92
WMT,2026-09-02,106.09
WMT,2026-09-03,108.42
WMT,2026-09-04,107.14
WMT,2026-09-08,106.05
WMT,2026-09-09,105.83
WMT,2026-09-10,105.73
WMT,2026-09-11,107.15
WMT,2026-09-14,109.08
WMT,2026-09-15,108.09
WMT,2026-09-16,107.5
WMT,2026-09-17,106.79
WMT,2026-09-18,106.73
WMT,2026-09-21,107.44
JPM,2025-09-22,306.57
JPM,2025-09-23,306.87
JPM,2025-09-24,307.54
JPM,2025-09-25,307.57
JPM,2025-09-26,310.13
JPM,2025-09-29,309.76
JPM,2025-09-30,309.51
JPM,2025-10-01,304.88
JPM,2025-10-02,301.78
JPM,2025-10-03,304.21
JPM,2025-10-06,304.85
JPM,2025-10-07,303.38
JPM,2025-10-08,299.77
JPM,2025-10-09,301.25
JPM,2025-10-10,296.68
JPM,2025-10-13,303.66
JPM,2025-10-14,297.85
JPM,2025-10-15,301.41
JPM,2025-10-16,294.36
JPM,2025-10-17,293.39
JPM,2025-10-20,298.13
JPM,2025-10-21,292.93
JPM,2025-10-22,289.99
JPM,2025-10-23,290.42
JPM,2025-10-24,296.23
JPM,2025-10-27,299.89
JPM,2025-10-28,301.08
JPM,2025-10-29,301.23
JPM,2025-10-30,305.11
JPM,2025-10-31,306.76
JPM,2025-11-03,305.02
JPM,2025-11-04,304.92
JPM,2025-11-05,307.32
JPM,2025-11-06,309.03
JPM,2025-11-07,309.81
JPM,2025-11-10,312.45
JPM,2025-11-11,311.2
JPM,2025-11-12,315.92
JPM,2025-11-13,305.15
JPM,2025-11-14,299.36
JPM,2025-11-17,296.16
JPM,2025-11-18,295.22
JPM,2025-11-19,299.02
JPM,2025-11-20,294.2
JPM,2025-11-21,293.85
JPM,2025-11-24,293.83
JPM,2025-11-25,298.76
JPM,2025-11-26,303.33
JPM,2025-11-28,308.7
JPM,2025-12-01,304.59
JPM,2025-12-02,303.57
JPM,2025-12-03,307.76
JPM,2025-12-04,311.67
JPM,2025-12-05,310.63
JPM,2025-12-08,310.8
JPM,2025-12-09,296.3
JPM,2025-12-10,305.77
JPM,2025-12-11,312.94
JPM,2025-12-12,314.06
JPM,2025-12-15,315.54
JPM,2025-12-16,311.13
JPM,2025-12-17,310.57
JPM,2025-12-18,308.62
JPM,2025-12-19,312.77
JPM,2025-12-22,318.57
JPM,2025-12-23,321.37
JPM,2025-12-24,324.56
JPM,2025-12-26,323.32
JPM,2025-12-29,319.22
JPM,2025-12-30,318.89
JPM,2025-12-31,317.71
JPM,2026-01-02,320.92
JPM,2026-01-05,329.36
JPM,2026-01-06,331.41
JPM,2026-01-07,323.87
JPM,2026-01-08,326.64
JPM,2026-01-09,326.05
JPM,2026-01-12,321.39
JPM,2026-01-13,307.93
JPM,2026-01-14,304.93
JPM,2026-01-15,306.31
JPM,2026-01-16,309.48
JPM,2026-01-20,299.85
JPM,2026-01-21,299.15
JPM,2026-01-22,300.73
JPM,2026-01-23,294.88
JPM,2026-01-26,298.16
JPM,2026-01-27,297.44
JPM,2026-01-28,297.9
JPM,2026-01-29,303.49
JPM,2026-01-30,302.97
JPM,2026-02-02,305.2
JPM,2026-02-03,311.84
JPM,2026-02-04,314.24
JPM,2026-02-05,307.2
JPM,2026-02-06,319.32
JPM,2026-02-09,319.02
JPM,2026-02-10,315.24
JPM,2026-02-11,307.85
JPM,2026-02-12,299.75
JPM,2026-02-13,299.66
JPM,2026-02-17,304.2
JPM,2026-02-18,305.83
JPM,2026-02-19,305.11
JPM,2026-02-20,307.82
JPM,2026-02-23,294.83
JPM,2026-02-24,294.46
JPM,2026-02-25,300.4
JPM,2026-02-26,303.21
JPM,2026-02-27,297.43
JPM,2026-03-02,294.72
JPM,2026-03-03,297.39
JPM,2026-03-04,296.53
JPM,2026-03-05,290.75
JPM,2026-03-06,286.71
JPM,2026-03-09,287.15
JPM,2026-03-10,285.97
JPM,2026-03-11,284.77
JPM,2026-03-12,280.19
JPM,2026-03-13,280.73
JPM,2026-03-16,283.43
JPM,2026-03-17,284.15
JPM,2026-03-18,284.99
JPM,2026-03-19,285.22
JPM,2026-03-20,283.82
JPM,2026-03-23,287.14
JPM,2026-03-24,289.61
JPM,2026-03-25,292.6
JPM,2026-03-26,288.87
JPM,2026-03-27,280.14
JPM,2026-03-30,281.06
JPM,2026-03-31,291.35
JPM,2026-04-01,292.56
JPM,2026-04-02,291.79
JPM,2026-04-06,294.12
JPM,2026-04-07,296.07
JPM,2026-04-08,306.59
JPM,2026-04-09,308.94
JPM,2026-04-10,308.48
JPM,2026-04-13,312.27
JPM,2026-04-14,309.72
JPM,2026-04-15,304.56
JPM,2026-04-16,308.56
JPM,2026-04-17,308.9
JPM,2026-04-20,315.57
JPM,2026-04-21,311.6
JPM,2026-04-22,311.62
JPM,2026-04-23,310.29
JPM,2026-04-24,306.9
JPM,2026-04-27,310.23
JPM,2026-04-28,310.05
JPM,2026-04-29,307.86
JPM,2026-04-30,311.83
JPM,2026-05-01,311.07
JPM,2026-05-04,306.27
JPM,2026-05-05,308.01
JPM,2026-05-06,313.49
JPM,2026-05-07,304.9
JPM,2026-05-08,300.75
JPM,2026-05-11,298.65
JPM,2026-05-12,303.51
JPM,2026-05-13,298.9
JPM,2026-05-14,298.57
JPM,2026-05-15,296.47
JPM,2026-05-18,299.38
JPM,2026-05-19,294.37
JPM,2026-05-20,300.63
JPM,2026-05-21,301.64
JPM,2026-05-22,305.01
JPM,2026-05-26,305.36
JPM,2026-05-27,297.94
JPM,2026-05-28,295.4
JPM,2026-05-29,297.97
JPM,2026-06-01,295.25
JPM,2026-06-02,299.61
JPM,2026-06-03,299.5
JPM,2026-06-04,309.5
JPM,2026-06-05,310.97
JPM,2026-06-08,309.71
JPM,2026-06-09,311.3
JPM,2026-06-10,307.75
JPM,2026-06-11,312.08
JPM,2026-06-12,319.28
JPM,2026-06-15,317.97
JPM,2026-06-16,329.65
JPM,2026-06-17,331.96
JPM,2026-06-18,323.76
JPM,2026-06-22,329.99
JPM,2026-06-23,332.64
JPM,2026-06-24,331.95
JPM,2026-06-25,333.62
JPM,2026-06-26,327.57
JPM,2026-06-29,327.91
JPM,2026-06-30,325.86
JPM,2026-07-01,332.57
JPM,2026-07-02,332.97
JPM,2026-07-06,337.72
JPM,2026-07-07,339.22
JPM,2026-07-08,330.62
JPM,2026-07-09,335.47
JPM,2026-07-10,336.47
JPM,2026-07-13,334.53
JPM,2026-07-14,342.89
JPM,2026-07-15,346.91
JPM,2026-07-16,343.15
JPM,2026-07-17,341.1
JPM,2026-07-20,338.87
JPM,2026-07-21,345.23
JPM,2026-07-22,348.21
JPM,2026-07-23,349.9
JPM,2026-07-24,353.21
JPM,2026-07-27,356.2
JPM,2026-07-28,357.31
JPM,2026-07-29,344.71
JPM,2026-07-30,350.85
JPM,2026-07-31,351.79
JPM,2026-08-03,352.64
JPM,2026-08-04,357.52
JPM,2026-08-05,359.24
JPM,2026-08-06,356.3
JPM,2026-08-07,357.52
JPM,2026-08-10,359.79
JPM,2026-08-11,362.04
JPM,2026-08-12,365.18
JPM,2026-08-13,363.11
JPM,2026-08-14,362.84
JPM,2026-08-17,360.96
JPM,2026-08-18,363.25
JPM,2026-08-19,357.26
JPM,2026-08-20,351.55
JPM,2026-08-21,351.58
JPM,2026-08-24,356.39
JPM,2026-08-25,356.69
JPM,2026-08-26,356.5
JPM,2026-08-27,354.22
JPM,2026-08-28,357.62
JPM,2026-08-31,356.02
JPM,2026-09-01,354.95
JPM,2026-09-02,356.22
JPM,2026-09-03,362.06
JPM,2026-09-04,358.64
JPM,2026-09-08,353.51
JPM,2026-09-09,354.71
JPM,2026-09-10,353.56
JPM,2026-09-11,356.23
JPM,2026-09-14,350.13
JPM,2026-09-15,352.49
JPM,2026-09-16,348.92
JPM,2026-09-17,349.31
JPM,2026-09-18,349.67
JPM,2026-09-21,352.04
JNJ,2025-09-22,170.37
JNJ,2025-09-23,172.69
JNJ,2025-09-24,172.8
JNJ,2025-09-25,173.81
JNJ,2025-09-26,175.75
JNJ,2025-09-29,177.62
JNJ,2025-09-30,181.33
JNJ,2025-10-01,181.95
JNJ,2025-10-02,181.88
JNJ,2025-10-03,184.48
JNJ,2025-10-06,184.01
JNJ,2025-10-07,184.73
JNJ,2025-10-08,185.51
JNJ,2025-10-09,186.87
JNJ,2025-10-10,186.52
JNJ,2025-10-13,186.69
JNJ,2025-10-14,186.64
JNJ,2025-10-15,186.96
JNJ,2025-10-16,187.89
JNJ,2025-10-17,188.96
JNJ,2025-10-20,189.45
JNJ,2025-10-21,187.65
JNJ,2025-10-22,188.69
JNJ,2025-10-23,188.23
JNJ,2025-10-24,186.2
JNJ,2025-10-27,186.11
JNJ,2025-10-28,182.81
JNJ,2025-10-29,182.49
JNJ,2025-10-30,184.88
JNJ,2025-10-31,184.71
JNJ,2025-11-03,182.15
JNJ,2025-11-04,182.74
JNJ,2025-11-05,181.9
JNJ,2025-11-06,182.85
JNJ,2025-11-07,182.46
JNJ,2025-11-10,184.26
JNJ,2025-11-11,189.56
JNJ,2025-11-12,190.11
JNJ,2025-11-13,190.95
JNJ,2025-11-14,191.61
JNJ,2025-11-17,195.18
JNJ,2025-11-18,195.59
JNJ,2025-11-19,198.05
JNJ,2025-11-20,198.59
JNJ,2025-11-21,199.41
JNJ,2025-11-24,201.51
JNJ,2025-11-25,203.4
JNJ,2025-11-26,204.27
JNJ,2025-11-28,203.64
JNJ,2025-12-01,202.09
JNJ,2025-12-02,202.17
JNJ,2025-12-03,202.08
JNJ,2025-12-04,199.27
JNJ,2025-12-05,198.73
JNJ,2025-12-08,198.43
JNJ,2025-12-09,196.79
JNJ,2025-12-10,203.27
JNJ,2025-12-11,206.69
JNJ,2025-12-12,208.23
JNJ,2025-12-15,210.78
JNJ,2025-12-16,205.99
JNJ,2025-12-17,207.0
JNJ,2025-12-18,205.01
JNJ,2025-12-19,203.1
JNJ,2025-12-22,204.04
JNJ,2025-12-23,202.52
JNJ,2025-12-24,204.49
JNJ,2025-12-26,204.34
JNJ,2025-12-29,204.27
JNJ,2025-12-30,203.63
JNJ,2025-12-31,203.67
JNJ,2026-01-02,204.07
JNJ,2026-01-05,201.08
JNJ,2026-01-06,201.55
JNJ,2026-01-07,204.21
JNJ,2026-01-08,202.49
JNJ,2026-01-09,201.15
JNJ,2026-01-12,206.4
JNJ,2026-01-13,210.27
JNJ,2026-01-14,215.09
JNJ,2026-01-15,216.09
JNJ,2026-01-16,215.2
JNJ,2026-01-20,214.76
JNJ,2026-01-21,214.56
JNJ,2026-01-22,215.03
JNJ,2026-01-23,216.66
JNJ,2026-01-26,217.98
JNJ,2026-01-27,220.89
JNJ,2026-01-28,224.12
JNJ,2026-01-29,223.69
JNJ,2026-01-30,223.65
JNJ,2026-02-02,227.1
JNJ,2026-02-03,229.41
JNJ,2026-02-04,230.76
JNJ,2026-02-05,234.03
JNJ,2026-02-06,236.19
JNJ,2026-02-09,234.86
JNJ,2026-02-10,234.58
JNJ,2026-02-11,237.05
JNJ,2026-02-12,240.68
JNJ,2026-02-13,239.6
JNJ,2026-02-17,239.48
JNJ,2026-02-18,241.11
JNJ,2026-02-19,243.0
JNJ,2026-02-20,238.65
JNJ,2026-02-23,241.95
JNJ,2026-02-24,243.67
JNJ,2026-02-25,242.57
JNJ,2026-02-26,240.89
JNJ,2026-02-27,245.8
JNJ,2026-03-02,245.93
JNJ,2026-03-03,244.13
JNJ,2026-03-04,242.7
JNJ,2026-03-05,237.09
JNJ,2026-03-06,237.85
JNJ,2026-03-09,240.02
JNJ,2026-03-10,241.13
JNJ,2026-03-11,240.41
JNJ,2026-03-12,239.47
JNJ,2026-03-13,238.96
JNJ,2026-03-16,240.61
JNJ,2026-03-17,235.59
JNJ,2026-03-18,234.77
JNJ,2026-03-19,235.08
JNJ,2026-03-20,232.88
JNJ,2026-03-23,232.93
JNJ,2026-03-24,232.78
JNJ,2026-03-25,237.39
JNJ,2026-03-26,236.7
JNJ,2026-03-27,237.9
JNJ,2026-03-30,239.92
JNJ,2026-03-31,241.85
JNJ,2026-04-01,241.53
JNJ,2026-04-02,240.46
JNJ,2026-04-06,238.42
JNJ,2026-04-07,235.88
JNJ,2026-04-08,238.74
JNJ,2026-04-09,238.75
JNJ,2026-04-10,235.93
JNJ,2026-04-13,235.44
JNJ,2026-04-14,237.56
JNJ,2026-04-15,236.14
JNJ,2026-04-16,232.05
JNJ,2026-04-17,231.7
JNJ,2026-04-20,228.25
JNJ,2026-04-21,223.76
JNJ,2026-04-22,223.7
JNJ,2026-04-23,228.21
JNJ,2026-04-24,225.09
JNJ,2026-04-27,222.95
JNJ,2026-04-28,225.38
JNJ,2026-04-29,224.94
JNJ,2026-04-30,227.41
JNJ,2026-05-01,224.78
JNJ,2026-05-04,221.82
JNJ,2026-05-05,223.16
JNJ,2026-05-06,222.24
JNJ,2026-05-07,220.15
JNJ,2026-05-08,218.97
JNJ,2026-05-11,219.08
JNJ,2026-05-12,221.88
JNJ,2026-05-13,227.98
JNJ,2026-05-14,228.35
JNJ,2026-05-15,224.31
JNJ,2026-05-18,226.49
JNJ,2026-05-19,227.56
JNJ,2026-05-20,226.89
JNJ,2026-05-21,229.27
JNJ,2026-05-22,231.86
JNJ,2026-05-26,229.05
JNJ,2026-05-27,230.15
JNJ,2026-05-28,229.67
JNJ,2026-05-29,224.22
JNJ,2026-06-01,222.41
JNJ,2026-06-02,221.8
JNJ,2026-06-03,222.14
JNJ,2026-06-04,227.05
JNJ,2026-06-05,231.63
JNJ,2026-06-08,231.02
JNJ,2026-06-09,235.84
JNJ,2026-06-10,237.32
JNJ,2026-06-11,237.16
JNJ,2026-06-12,239.69
JNJ,2026-06-15,234.5
JNJ,2026-06-16,234.03
JNJ,2026-06-17,233.05
JNJ,2026-06-18,227.27
JNJ,2026-06-22,230.15
JNJ,2026-06-23,237.91
JNJ,2026-06-24,239.82
JNJ,2026-06-25,243.68
JNJ,2026-06-26,253.41
JNJ,2026-06-29,257.24
JNJ,2026-06-30,252.72
JNJ,2026-07-01,252.73
JNJ,2026-07-02,261.75
JNJ,2026-07-06,258.06
JNJ,2026-07-07,265.93
JNJ,2026-07-08,262.11
JNJ,2026-07-09,257.83
JNJ,2026-07-10,255.72
JNJ,2026-07-13,256.5
JNJ,2026-07-14,252.6
JNJ,2026-07-15,245.81
JNJ,2026-07-16,248.74
JNJ,2026-07-17,251.8
JNJ,2026-07-20,247.6
JNJ,2026-07-21,249.38
JNJ,2026-07-22,254.38
JNJ,2026-07-23,258.0
JNJ,2026-07-24,262.11
JNJ,2026-07-27,264.64
JNJ,2026-07-28,265.42
JNJ,2026-07-29,264.23
JNJ,2026-07-30,254.56
JNJ,2026-07-31,255.09
JNJ,2026-08-03,253.16
JNJ,2026-08-04,253.68
JNJ,2026-08-05,256.33
JNJ,2026-08-06,255.72
JNJ,2026-08-07,257.97
JNJ,2026-08-10,260.53
JNJ,2026-08-11,258.52
JNJ,2026-08-12,259.58
JNJ,2026-08-13,260.79
JNJ,2026-08-14,259.07
JNJ,2026-08-17,261.08
JNJ,2026-08-18,269.78
JNJ,2026-08-19,272.07
JNJ,2026-08-20,266.06
JNJ,2026-08-21,268.91
JNJ,2026-08-24,271.7
JNJ,2026-08-25,273.14
JNJ,2026-08-26,270.0
JNJ,2026-08-27,265.77
JNJ,2026-08-28,268.04
JNJ,2026-08-31,265.85
JNJ,2026-09-01,271.19
JNJ,2026-09-02,275.21
JNJ,2026-09-03,278.43
JNJ,2026-09-04,275.23
JNJ,2026-09-08,269.12
JNJ,2026-09-09,267.08
JNJ,2026-09-10,266.35
JNJ,2026-09-11,265.58
JNJ,2026-09-14,266.32
JNJ,2026-09-15,267.2
JNJ,2026-09-16,267.28
JNJ,2026-09-17,270.22
JNJ,2026-09-18,269.99
JNJ,2026-09-21,269.5
